<application>
  <component name="ProjectManager">
    <defaultProject>
      <component name="MaterialThemeProjectNewConfig">
        <option name="metadata">
          <MTProjectMetadataState>
            <option name="userId" value="22c2374e:1964d1dd163:-7fff" />
          </MTProjectMetadataState>
        </option>
      </component>
      <component name="PropertiesComponent"><![CDATA[{
  "keyToString": {
    "settings.editor.selected.configurable": "preferences.pluginManager"
  }
}]]></component>
      <component name="TaskManager">
        <task active="true" id="Default" summary="Default task">
          <created>1745050552526</created>
          <option name="number" value="Default" />
          <option name="presentableId" value="Default" />
          <updated>1745050552526</updated>
          <workItem from="1745050553666" duration="416000" />
        </task>
        <servers />
      </component>
      <component name="TimeTrackingManager">
        <option name="totallyTimeSpent" value="416000" />
      </component>
      <component name="WindowStateProjectService">
        <state x="100" y="1" key="SettingsEditor.ideScale=80" timestamp="1745050558788">
          <screen x="0" y="0" width="1536" height="912" />
        </state>
        <state x="100" y="1" key="SettingsEditor.ideScale=80/0.0.1536.912" timestamp="1745050558788" />
      </component>
    </defaultProject>
  </component>
</application>