<application>
  <component name="Trusted.Paths">
    <option name="TRUSTED_PROJECT_PATHS">
      <map>
        <entry key="C:\Users\OLD\src\green-course" value="true" />
        <entry key="C:\Users\OLD\src\lpr-genbrug-api\LPR-Genbrug-API" value="true" />
        <entry key="C:\Users\OLD\src\lpr-genbrug-api\LPR-Genbrug-API\.idea\.idea.LPR-Genbrug-API" value="true" />
        <entry key="C:\Users\OLD\src\pipeline-api\src" value="true" />
        <entry key="C:\Users\OLD\src\prediction-api\PredictionRestAPI" value="true" />
        <entry key="C:\Users\OLD\src\prediction-api\PredictionRestAPI\.idea\.idea.PredictionRestAPI" value="true" />
      </map>
    </option>
  </component>
</application>