<application>
  <component name="UISettings">
    <option name="DIFFERENTIATE_PROJECTS" value="false" />
    <option name="EDITOR_TAB_PLACEMENT" value="0" />
    <option name="HIDE_TOOL_STRIPES" value="true" />
    <option name="MAX_LOOKUP_WIDTH2" value="1000" />
    <option name="OPEN_IN_PREVIEW_TAB_IF_POSSIBLE" value="true" />
    <option name="OPEN_TABS_AT_THE_END" value="true" />
    <option name="SHOW_NEW_MAIN_TOOLBAR" value="false" />
    <option name="SHOW_PREVIEW_IN_SEARCH_EVERYWHERE" value="true" />
    <option name="SORT_TABS_ALPHABETICALLY" value="true" />
  </component>
</application>