<application>
  <component name="DimensionService">
    <location key="find.popup.0.0.2560.1440" x="728" y="360" />
    <location key="find.popup.0.0.1920.1200@120dpi" x="548" y="295" />
    <location key="find.popup.3200.-2.2560.1440@120dpi" x="3928" y="371" />
    <location key="find.popup.6400.-2.2560.1440@120dpi" x="7319" y="224" />
    <location key="find.popup.1920.-235.2560.1440" x="2648" y="137" />
    <location key="find.popup.-2560.-357.2560.1440@120dpi" x="-1747" y="-177" />
    <size key="GridCell.Tab.0.left.-2400.297.1920.1200@120dpi" width="1813" height="307" />
    <size key="GridCell.Tab.0.center.-2400.297.1920.1200@120dpi" width="1813" height="307" />
    <size key="GridCell.Tab.0.right.-2400.297.1920.1200@120dpi" width="1813" height="307" />
    <size key="GridCell.Tab.0.bottom.-2400.297.1920.1200@120dpi" width="1813" height="307" />
    <size key="GridCell.Tab.1.left.-2400.297.1920.1200@120dpi" width="1813" height="307" />
    <size key="GridCell.Tab.1.center.-2400.297.1920.1200@120dpi" width="1813" height="307" />
    <size key="GridCell.Tab.1.right.-2400.297.1920.1200@120dpi" width="1813" height="307" />
    <size key="GridCell.Tab.1.bottom.-2400.297.1920.1200@120dpi" width="1813" height="307" />
    <size key="GridCell.Tab.2.left.-2400.297.1920.1200@120dpi" width="1813" height="307" />
    <size key="GridCell.Tab.2.center.-2400.297.1920.1200@120dpi" width="1813" height="307" />
    <size key="GridCell.Tab.2.right.-2400.297.1920.1200@120dpi" width="1813" height="307" />
    <size key="GridCell.Tab.2.bottom.-2400.297.1920.1200@120dpi" width="1813" height="307" />
    <size key="GridCell.Tab.3.left.-2400.297.1920.1200@120dpi" width="1813" height="307" />
    <size key="GridCell.Tab.3.center.-2400.297.1920.1200@120dpi" width="1813" height="307" />
    <size key="GridCell.Tab.3.right.-2400.297.1920.1200@120dpi" width="1813" height="307" />
    <size key="GridCell.Tab.3.bottom.-2400.297.1920.1200@120dpi" width="1813" height="307" />
    <size key="GridCell.Tab.4.left.-2400.297.1920.1200@120dpi" width="1813" height="307" />
    <size key="GridCell.Tab.4.center.-2400.297.1920.1200@120dpi" width="1813" height="307" />
    <size key="GridCell.Tab.4.right.-2400.297.1920.1200@120dpi" width="1813" height="307" />
    <size key="GridCell.Tab.4.bottom.-2400.297.1920.1200@120dpi" width="1813" height="307" />
    <size key="GridCell.Tab.5.left.-2400.297.1920.1200@120dpi" width="1813" height="307" />
    <size key="GridCell.Tab.5.center.-2400.297.1920.1200@120dpi" width="1813" height="307" />
    <size key="GridCell.Tab.5.right.-2400.297.1920.1200@120dpi" width="1813" height="307" />
    <size key="GridCell.Tab.5.bottom.-2400.297.1920.1200@120dpi" width="1813" height="307" />
    <size key="GridCell.Tab.6.left.-2400.297.1920.1200@120dpi" width="1813" height="307" />
    <size key="GridCell.Tab.6.center.-2400.297.1920.1200@120dpi" width="1813" height="307" />
    <size key="GridCell.Tab.6.right.-2400.297.1920.1200@120dpi" width="1813" height="307" />
    <size key="GridCell.Tab.6.bottom.-2400.297.1920.1200@120dpi" width="1813" height="307" />
    <size key="GridCell.Tab.0.left.0.0.2560.1440" width="1450" height="158" />
    <size key="GridCell.Tab.0.center.0.0.2560.1440" width="1450" height="158" />
    <size key="GridCell.Tab.0.right.0.0.2560.1440" width="1450" height="158" />
    <size key="GridCell.Tab.0.bottom.0.0.2560.1440" width="1450" height="158" />
    <size key="GridCell.Tab.1.left.0.0.2560.1440" width="1450" height="158" />
    <size key="GridCell.Tab.1.center.0.0.2560.1440" width="1450" height="158" />
    <size key="GridCell.Tab.1.right.0.0.2560.1440" width="1450" height="158" />
    <size key="GridCell.Tab.1.bottom.0.0.2560.1440" width="1450" height="158" />
    <size key="GridCell.Tab.2.left.0.0.2560.1440" width="1450" height="158" />
    <size key="GridCell.Tab.2.center.0.0.2560.1440" width="1450" height="158" />
    <size key="GridCell.Tab.2.right.0.0.2560.1440" width="1450" height="158" />
    <size key="GridCell.Tab.2.bottom.0.0.2560.1440" width="1450" height="158" />
    <size key="GridCell.Tab.3.left.0.0.2560.1440" width="1450" height="158" />
    <size key="GridCell.Tab.3.center.0.0.2560.1440" width="1450" height="158" />
    <size key="GridCell.Tab.3.right.0.0.2560.1440" width="1450" height="158" />
    <size key="GridCell.Tab.3.bottom.0.0.2560.1440" width="1450" height="158" />
    <size key="GridCell.Tab.4.left.0.0.2560.1440" width="1450" height="158" />
    <size key="GridCell.Tab.4.center.0.0.2560.1440" width="1450" height="158" />
    <size key="GridCell.Tab.4.right.0.0.2560.1440" width="1450" height="158" />
    <size key="GridCell.Tab.4.bottom.0.0.2560.1440" width="1450" height="158" />
    <size key="GridCell.Tab.5.left.0.0.2560.1440" width="1450" height="158" />
    <size key="GridCell.Tab.5.center.0.0.2560.1440" width="1450" height="158" />
    <size key="GridCell.Tab.5.right.0.0.2560.1440" width="1450" height="158" />
    <size key="GridCell.Tab.5.bottom.0.0.2560.1440" width="1450" height="158" />
    <size key="GridCell.Tab.6.left.0.0.2560.1440" width="1450" height="158" />
    <size key="GridCell.Tab.6.center.0.0.2560.1440" width="1450" height="158" />
    <size key="GridCell.Tab.6.right.0.0.2560.1440" width="1450" height="158" />
    <size key="GridCell.Tab.6.bottom.0.0.2560.1440" width="1450" height="158" />
    <size key="find.popup.0.0.2560.1440" width="1283" height="817" />
    <size key="find.popup.0.0.1920.1200@120dpi" width="1283" height="720" />
    <size key="find.popup.3200.-2.2560.1440@120dpi" width="1283" height="845" />
    <size key="GridCell.Tab.0.left.3200.-2.2560.1440@120dpi" width="2453" height="314" />
    <size key="GridCell.Tab.0.center.3200.-2.2560.1440@120dpi" width="2453" height="314" />
    <size key="GridCell.Tab.0.right.3200.-2.2560.1440@120dpi" width="2453" height="314" />
    <size key="GridCell.Tab.0.bottom.3200.-2.2560.1440@120dpi" width="2453" height="314" />
    <size key="GridCell.Tab.1.left.3200.-2.2560.1440@120dpi" width="2453" height="314" />
    <size key="GridCell.Tab.1.center.3200.-2.2560.1440@120dpi" width="2453" height="314" />
    <size key="GridCell.Tab.1.right.3200.-2.2560.1440@120dpi" width="2453" height="314" />
    <size key="GridCell.Tab.1.bottom.3200.-2.2560.1440@120dpi" width="2453" height="314" />
    <size key="GridCell.Tab.2.left.3200.-2.2560.1440@120dpi" width="2453" height="314" />
    <size key="GridCell.Tab.2.center.3200.-2.2560.1440@120dpi" width="2453" height="314" />
    <size key="GridCell.Tab.2.right.3200.-2.2560.1440@120dpi" width="2453" height="314" />
    <size key="GridCell.Tab.2.bottom.3200.-2.2560.1440@120dpi" width="2453" height="314" />
    <size key="GridCell.Tab.3.left.3200.-2.2560.1440@120dpi" width="2453" height="314" />
    <size key="GridCell.Tab.3.center.3200.-2.2560.1440@120dpi" width="2453" height="314" />
    <size key="GridCell.Tab.3.right.3200.-2.2560.1440@120dpi" width="2453" height="314" />
    <size key="GridCell.Tab.3.bottom.3200.-2.2560.1440@120dpi" width="2453" height="314" />
    <size key="GridCell.Tab.4.left.3200.-2.2560.1440@120dpi" width="2453" height="314" />
    <size key="GridCell.Tab.4.center.3200.-2.2560.1440@120dpi" width="2453" height="314" />
    <size key="GridCell.Tab.4.right.3200.-2.2560.1440@120dpi" width="2453" height="314" />
    <size key="GridCell.Tab.4.bottom.3200.-2.2560.1440@120dpi" width="2453" height="314" />
    <size key="GridCell.Tab.5.left.3200.-2.2560.1440@120dpi" width="2453" height="314" />
    <size key="GridCell.Tab.5.center.3200.-2.2560.1440@120dpi" width="2453" height="314" />
    <size key="GridCell.Tab.5.right.3200.-2.2560.1440@120dpi" width="2453" height="314" />
    <size key="GridCell.Tab.5.bottom.3200.-2.2560.1440@120dpi" width="2453" height="314" />
    <size key="GridCell.Tab.6.left.3200.-2.2560.1440@120dpi" width="2453" height="314" />
    <size key="GridCell.Tab.6.center.3200.-2.2560.1440@120dpi" width="2453" height="314" />
    <size key="GridCell.Tab.6.right.3200.-2.2560.1440@120dpi" width="2453" height="314" />
    <size key="GridCell.Tab.6.bottom.3200.-2.2560.1440@120dpi" width="2453" height="314" />
    <size key="GridCell.Tab.0.left.6400.-2.2560.1440@120dpi" width="2453" height="439" />
    <size key="GridCell.Tab.0.center.6400.-2.2560.1440@120dpi" width="2453" height="439" />
    <size key="GridCell.Tab.0.right.6400.-2.2560.1440@120dpi" width="2453" height="439" />
    <size key="GridCell.Tab.0.bottom.6400.-2.2560.1440@120dpi" width="2453" height="439" />
    <size key="GridCell.Tab.1.left.6400.-2.2560.1440@120dpi" width="2453" height="439" />
    <size key="GridCell.Tab.1.center.6400.-2.2560.1440@120dpi" width="2453" height="439" />
    <size key="GridCell.Tab.1.right.6400.-2.2560.1440@120dpi" width="2453" height="439" />
    <size key="GridCell.Tab.1.bottom.6400.-2.2560.1440@120dpi" width="2453" height="439" />
    <size key="GridCell.Tab.2.left.6400.-2.2560.1440@120dpi" width="2453" height="439" />
    <size key="GridCell.Tab.2.center.6400.-2.2560.1440@120dpi" width="2453" height="439" />
    <size key="GridCell.Tab.2.right.6400.-2.2560.1440@120dpi" width="2453" height="439" />
    <size key="GridCell.Tab.2.bottom.6400.-2.2560.1440@120dpi" width="2453" height="439" />
    <size key="GridCell.Tab.3.left.6400.-2.2560.1440@120dpi" width="2453" height="439" />
    <size key="GridCell.Tab.3.center.6400.-2.2560.1440@120dpi" width="2453" height="439" />
    <size key="GridCell.Tab.3.right.6400.-2.2560.1440@120dpi" width="2453" height="439" />
    <size key="GridCell.Tab.3.bottom.6400.-2.2560.1440@120dpi" width="2453" height="439" />
    <size key="GridCell.Tab.4.left.6400.-2.2560.1440@120dpi" width="2453" height="439" />
    <size key="GridCell.Tab.4.center.6400.-2.2560.1440@120dpi" width="2453" height="439" />
    <size key="GridCell.Tab.4.right.6400.-2.2560.1440@120dpi" width="2453" height="439" />
    <size key="GridCell.Tab.4.bottom.6400.-2.2560.1440@120dpi" width="2453" height="439" />
    <size key="GridCell.Tab.5.left.6400.-2.2560.1440@120dpi" width="2453" height="439" />
    <size key="GridCell.Tab.5.center.6400.-2.2560.1440@120dpi" width="2453" height="439" />
    <size key="GridCell.Tab.5.right.6400.-2.2560.1440@120dpi" width="2453" height="439" />
    <size key="GridCell.Tab.5.bottom.6400.-2.2560.1440@120dpi" width="2453" height="439" />
    <size key="GridCell.Tab.6.left.6400.-2.2560.1440@120dpi" width="2453" height="439" />
    <size key="GridCell.Tab.6.center.6400.-2.2560.1440@120dpi" width="2453" height="439" />
    <size key="GridCell.Tab.6.right.6400.-2.2560.1440@120dpi" width="2453" height="439" />
    <size key="GridCell.Tab.6.bottom.6400.-2.2560.1440@120dpi" width="2453" height="439" />
    <size key="find.popup.6400.-2.2560.1440@120dpi" width="1083" height="1080" />
    <size key="GridCell.Tab.0.left.1920.-235.2560.1440" width="2476" height="418" />
    <size key="GridCell.Tab.0.center.1920.-235.2560.1440" width="2476" height="418" />
    <size key="GridCell.Tab.0.right.1920.-235.2560.1440" width="2476" height="418" />
    <size key="GridCell.Tab.0.bottom.1920.-235.2560.1440" width="2476" height="418" />
    <size key="GridCell.Tab.1.left.1920.-235.2560.1440" width="2476" height="418" />
    <size key="GridCell.Tab.1.center.1920.-235.2560.1440" width="2476" height="418" />
    <size key="GridCell.Tab.1.right.1920.-235.2560.1440" width="2476" height="418" />
    <size key="GridCell.Tab.1.bottom.1920.-235.2560.1440" width="2476" height="418" />
    <size key="GridCell.Tab.2.left.1920.-235.2560.1440" width="2476" height="418" />
    <size key="GridCell.Tab.2.center.1920.-235.2560.1440" width="2476" height="418" />
    <size key="GridCell.Tab.2.right.1920.-235.2560.1440" width="2476" height="418" />
    <size key="GridCell.Tab.2.bottom.1920.-235.2560.1440" width="2476" height="418" />
    <size key="GridCell.Tab.3.left.1920.-235.2560.1440" width="2476" height="418" />
    <size key="GridCell.Tab.3.center.1920.-235.2560.1440" width="2476" height="418" />
    <size key="GridCell.Tab.3.right.1920.-235.2560.1440" width="2476" height="418" />
    <size key="GridCell.Tab.3.bottom.1920.-235.2560.1440" width="2476" height="418" />
    <size key="GridCell.Tab.4.left.1920.-235.2560.1440" width="2476" height="418" />
    <size key="GridCell.Tab.4.center.1920.-235.2560.1440" width="2476" height="418" />
    <size key="GridCell.Tab.4.right.1920.-235.2560.1440" width="2476" height="418" />
    <size key="GridCell.Tab.4.bottom.1920.-235.2560.1440" width="2476" height="418" />
    <size key="GridCell.Tab.5.left.1920.-235.2560.1440" width="2476" height="418" />
    <size key="GridCell.Tab.5.center.1920.-235.2560.1440" width="2476" height="418" />
    <size key="GridCell.Tab.5.right.1920.-235.2560.1440" width="2476" height="418" />
    <size key="GridCell.Tab.5.bottom.1920.-235.2560.1440" width="2476" height="418" />
    <size key="GridCell.Tab.6.left.1920.-235.2560.1440" width="2476" height="418" />
    <size key="GridCell.Tab.6.center.1920.-235.2560.1440" width="2476" height="418" />
    <size key="GridCell.Tab.6.right.1920.-235.2560.1440" width="2476" height="418" />
    <size key="GridCell.Tab.6.bottom.1920.-235.2560.1440" width="2476" height="418" />
    <size key="find.popup.1920.-235.2560.1440" width="1283" height="846" />
    <size key="GridCell.Tab.0.left.0.0.1920.1200@120dpi" width="1813" height="198" />
    <size key="GridCell.Tab.0.center.0.0.1920.1200@120dpi" width="1813" height="198" />
    <size key="GridCell.Tab.0.right.0.0.1920.1200@120dpi" width="1813" height="198" />
    <size key="GridCell.Tab.0.bottom.0.0.1920.1200@120dpi" width="1813" height="198" />
    <size key="GridCell.Tab.1.left.0.0.1920.1200@120dpi" width="1813" height="198" />
    <size key="GridCell.Tab.1.center.0.0.1920.1200@120dpi" width="1813" height="198" />
    <size key="GridCell.Tab.1.right.0.0.1920.1200@120dpi" width="1813" height="198" />
    <size key="GridCell.Tab.1.bottom.0.0.1920.1200@120dpi" width="1813" height="198" />
    <size key="GridCell.Tab.2.left.0.0.1920.1200@120dpi" width="1813" height="198" />
    <size key="GridCell.Tab.2.center.0.0.1920.1200@120dpi" width="1813" height="198" />
    <size key="GridCell.Tab.2.right.0.0.1920.1200@120dpi" width="1813" height="198" />
    <size key="GridCell.Tab.2.bottom.0.0.1920.1200@120dpi" width="1813" height="198" />
    <size key="GridCell.Tab.3.left.0.0.1920.1200@120dpi" width="1813" height="198" />
    <size key="GridCell.Tab.3.center.0.0.1920.1200@120dpi" width="1813" height="198" />
    <size key="GridCell.Tab.3.right.0.0.1920.1200@120dpi" width="1813" height="198" />
    <size key="GridCell.Tab.3.bottom.0.0.1920.1200@120dpi" width="1813" height="198" />
    <size key="GridCell.Tab.4.left.0.0.1920.1200@120dpi" width="1813" height="198" />
    <size key="GridCell.Tab.4.center.0.0.1920.1200@120dpi" width="1813" height="198" />
    <size key="GridCell.Tab.4.right.0.0.1920.1200@120dpi" width="1813" height="198" />
    <size key="GridCell.Tab.4.bottom.0.0.1920.1200@120dpi" width="1813" height="198" />
    <size key="GridCell.Tab.5.left.0.0.1920.1200@120dpi" width="1813" height="198" />
    <size key="GridCell.Tab.5.center.0.0.1920.1200@120dpi" width="1813" height="198" />
    <size key="GridCell.Tab.5.right.0.0.1920.1200@120dpi" width="1813" height="198" />
    <size key="GridCell.Tab.5.bottom.0.0.1920.1200@120dpi" width="1813" height="198" />
    <size key="GridCell.Tab.6.left.0.0.1920.1200@120dpi" width="1813" height="198" />
    <size key="GridCell.Tab.6.center.0.0.1920.1200@120dpi" width="1813" height="198" />
    <size key="GridCell.Tab.6.right.0.0.1920.1200@120dpi" width="1813" height="198" />
    <size key="GridCell.Tab.6.bottom.0.0.1920.1200@120dpi" width="1813" height="198" />
    <size key="GridCell.Tab.0.left.-2560.-357.2560.1440@120dpi" width="2554" height="374" />
    <size key="GridCell.Tab.0.center.-2560.-357.2560.1440@120dpi" width="2554" height="374" />
    <size key="GridCell.Tab.0.right.-2560.-357.2560.1440@120dpi" width="2554" height="374" />
    <size key="GridCell.Tab.0.bottom.-2560.-357.2560.1440@120dpi" width="2554" height="374" />
    <size key="GridCell.Tab.1.left.-2560.-357.2560.1440@120dpi" width="2554" height="374" />
    <size key="GridCell.Tab.1.center.-2560.-357.2560.1440@120dpi" width="2554" height="374" />
    <size key="GridCell.Tab.1.right.-2560.-357.2560.1440@120dpi" width="2554" height="374" />
    <size key="GridCell.Tab.1.bottom.-2560.-357.2560.1440@120dpi" width="2554" height="374" />
    <size key="GridCell.Tab.2.left.-2560.-357.2560.1440@120dpi" width="2554" height="374" />
    <size key="GridCell.Tab.2.center.-2560.-357.2560.1440@120dpi" width="2554" height="374" />
    <size key="GridCell.Tab.2.right.-2560.-357.2560.1440@120dpi" width="2554" height="374" />
    <size key="GridCell.Tab.2.bottom.-2560.-357.2560.1440@120dpi" width="2554" height="374" />
    <size key="GridCell.Tab.3.left.-2560.-357.2560.1440@120dpi" width="2554" height="374" />
    <size key="GridCell.Tab.3.center.-2560.-357.2560.1440@120dpi" width="2554" height="374" />
    <size key="GridCell.Tab.3.right.-2560.-357.2560.1440@120dpi" width="2554" height="374" />
    <size key="GridCell.Tab.3.bottom.-2560.-357.2560.1440@120dpi" width="2554" height="374" />
    <size key="GridCell.Tab.4.left.-2560.-357.2560.1440@120dpi" width="2554" height="374" />
    <size key="GridCell.Tab.4.center.-2560.-357.2560.1440@120dpi" width="2554" height="374" />
    <size key="GridCell.Tab.4.right.-2560.-357.2560.1440@120dpi" width="2554" height="374" />
    <size key="GridCell.Tab.4.bottom.-2560.-357.2560.1440@120dpi" width="2554" height="374" />
    <size key="GridCell.Tab.5.left.-2560.-357.2560.1440@120dpi" width="2554" height="374" />
    <size key="GridCell.Tab.5.center.-2560.-357.2560.1440@120dpi" width="2554" height="374" />
    <size key="GridCell.Tab.5.right.-2560.-357.2560.1440@120dpi" width="2554" height="374" />
    <size key="GridCell.Tab.5.bottom.-2560.-357.2560.1440@120dpi" width="2554" height="374" />
    <size key="GridCell.Tab.6.left.-2560.-357.2560.1440@120dpi" width="2554" height="374" />
    <size key="GridCell.Tab.6.center.-2560.-357.2560.1440@120dpi" width="2554" height="374" />
    <size key="GridCell.Tab.6.right.-2560.-357.2560.1440@120dpi" width="2554" height="374" />
    <size key="GridCell.Tab.6.bottom.-2560.-357.2560.1440@120dpi" width="2554" height="374" />
    <size key="find.popup.-2560.-357.2560.1440@120dpi" width="1108" height="1233" />
  </component>
  <component name="WindowManager">
    <frame x="-2565" y="-312" width="2570" height="1400" />
  </component>
  <component name="WindowStateApplicationService">
    <state x="2560" y="39" width="2048" height="1112" key="APPLICATION_WIDE_STORE_#rider.projectView.actions.properties.EditPropertiesDialogFolder" timestamp="1744110519917">
      <screen x="2560" y="-1" width="2048" height="1152" />
    </state>
    <state x="2560" y="39" width="2048" height="1112" key="APPLICATION_WIDE_STORE_#rider.projectView.actions.properties.EditPropertiesDialogFolder/5120.-1.2048.1104/2560.-1.2048.1152/0.0.2048.1104" timestamp="1744110519917" />
    <state x="2560" y="39" width="2048" height="1112" key="APPLICATION_WIDE_STORE_#rider.projectView.actions.properties.EditPropertiesDialogProject" timestamp="1744094970453">
      <screen x="2560" y="-1" width="2048" height="1152" />
    </state>
    <state x="2560" y="39" width="2048" height="1112" key="APPLICATION_WIDE_STORE_#rider.projectView.actions.properties.EditPropertiesDialogProject/5120.-1.2048.1104/2560.-1.2048.1152/0.0.2048.1104" timestamp="1744094970453" />
    <state x="1270" y="40" width="1290" height="1352" key="APPLICATION_WIDE_STORE_#rider.projectView.actions.properties.EditPropertiesDialogSolution" timestamp="1744222201463">
      <screen x="0" y="0" width="2560" height="1392" />
    </state>
    <state x="1270" y="40" width="1290" height="1352" key="APPLICATION_WIDE_STORE_#rider.projectView.actions.properties.EditPropertiesDialogSolution/2560.357.1920.1032/0.0.2560.1392" timestamp="1744222201463" />
    <state x="2560" y="39" width="2048" height="1112" key="APPLICATION_WIDE_STORE_#rider.projectView.actions.properties.EditPropertiesDialogSolution/5120.-1.2048.1104/2560.-1.2048.1152/0.0.2048.1104" timestamp="1744094904813" />
    <state width="672" height="169" key="ShowUsagesActions.dimensionServiceKey" timestamp="1745089819183">
      <screen x="0" y="0" width="1920" height="1032" />
    </state>
    <state width="1039" height="128" key="ShowUsagesActions.dimensionServiceKey.ideScale=80" timestamp="1745051914424">
      <screen x="0" y="0" width="1536" height="912" />
    </state>
    <state width="1039" height="128" key="ShowUsagesActions.dimensionServiceKey.ideScale=80/0.0.1536.912" timestamp="1745051914424" />
    <state width="755" height="154" key="ShowUsagesActions.dimensionServiceKey/-1920.238.1536.960/2560.357.1920.1080/0.0.2560.1440" timestamp="1742916972079" />
    <state width="567" height="139" key="ShowUsagesActions.dimensionServiceKey/-2560.-357.2560.1392/0.0.1920.1032" timestamp="1745058457130" />
    <state width="453" height="637" key="ShowUsagesActions.dimensionServiceKey/0.0.1536.912" timestamp="1744913119203" />
    <state width="800" height="779" key="ShowUsagesActions.dimensionServiceKey/0.0.1536.912/1920.-235.2560.1440" timestamp="1744725117202" />
    <state width="672" height="169" key="ShowUsagesActions.dimensionServiceKey/0.0.1920.1032/-2560.-357.2560.1440" timestamp="1745089819183" />
    <state width="754" height="971" key="ShowUsagesActions.dimensionServiceKey/2560.357.1920.1032/0.0.2560.1392" timestamp="1744828830728" />
    <state width="663" height="771" key="ShowUsagesActions.dimensionServiceKey/5120.-1.2048.1104/2560.-1.2048.1152/0.0.2048.1104" timestamp="1744803183894" />
    <state width="300" height="496" key="Vcs.CompareWithSelectedRevision.Popup" timestamp="1744715890813">
      <screen x="0" y="0" width="1536" height="912" />
    </state>
    <state width="300" height="496" key="Vcs.CompareWithSelectedRevision.Popup/0.0.1536.912/1920.-235.2560.1440" timestamp="1744715890813" />
    <state x="-1280" y="366" width="2574" height="1447" key="WELCOME_SCREEN" timestamp="1745085425571">
      <screen x="-2560" y="-357" width="2560" height="1440" />
    </state>
    <state x="768" y="467" width="1554" height="978" key="WELCOME_SCREEN.ideScale=80" timestamp="1745050980189">
      <screen x="0" y="0" width="1536" height="912" />
    </state>
    <state x="768" y="467" width="1554" height="978" key="WELCOME_SCREEN.ideScale=80/0.0.1536.912" timestamp="1745050980189" />
    <state x="1280" y="723" width="2574" height="1447" key="WELCOME_SCREEN/-1920.238.1536.960/2560.357.1920.1080/0.0.2560.1440" timestamp="1742916899110" />
    <state x="768" y="467" width="1554" height="978" key="WELCOME_SCREEN/0.0.1536.912" timestamp="1745050523629" />
    <state x="1541" y="534" width="1554" height="978" key="WELCOME_SCREEN/0.0.1536.960" timestamp="1743110265930" />
    <state x="-1280" y="366" width="2574" height="1447" key="WELCOME_SCREEN/0.0.1920.1032/-2560.-357.2560.1440" timestamp="1745085425571" />
    <state x="1537" y="577" width="1034" height="1064" key="WELCOME_SCREEN/2560.0.2048.1104/0.0.2048.1104/-2560.2.2048.1104" timestamp="1742804049259" />
    <state x="1024" y="577" width="2058" height="1064" key="WELCOME_SCREEN/2560.0.2048.1104/0.0.2048.1104/-2560.2.2048.1152" timestamp="1744004817822" />
    <state x="3590" y="585" width="2072" height="1171" key="WELCOME_SCREEN/2560.0.2048.1152/0.0.2048.1152/-2560.2.2048.1152" timestamp="1743503776498" />
    <state x="3840" y="1080" width="2574" height="1447" key="WELCOME_SCREEN/2560.357.1920.1032/0.0.2560.1392" timestamp="1745002282539" />
    <state x="6144" y="600" width="2058" height="1112" key="WELCOME_SCREEN/5120.-1.2048.1104/2560.-1.2048.1152/0.0.2048.1104" timestamp="1744782454711" />
  </component>
</application>