<keymap version="1" name="VSCode copy" parent="VSCode">
  <action id="ActivateTerminalToolWindow">
    <keyboard-shortcut first-keystroke="ctrl back_quote" />
    <keyboard-shortcut first-keystroke="ctrl #10000c6" />
  </action>
  <action id="ChangesView.Rename">
    <keyboard-shortcut first-keystroke="f2" />
    <keyboard-shortcut first-keystroke="ctrl r" second-keystroke="ctrl r" />
  </action>
  <action id="Docker.RemoteServers.StartComposeService" />
  <action id="EditBookmark">
    <keyboard-shortcut first-keystroke="ctrl r" second-keystroke="ctrl r" />
  </action>
  <action id="EditorDecreaseFontSizeGlobal">
    <keyboard-shortcut first-keystroke="shift alt comma" />
    <keyboard-shortcut first-keystroke="shift ctrl minus" />
  </action>
  <action id="EditorIncreaseFontSizeGlobal">
    <keyboard-shortcut first-keystroke="shift alt period" />
    <keyboard-shortcut first-keystroke="shift ctrl plus" />
  </action>
  <action id="EditorStartNewLine" />
  <action id="FileChooser.Delete">
    <keyboard-shortcut first-keystroke="delete" />
    <keyboard-shortcut first-keystroke="d" />
  </action>
  <action id="FileChooser.NewFolder">
    <keyboard-shortcut first-keystroke="alt insert" />
    <keyboard-shortcut first-keystroke="shift ctrl a" />
    <keyboard-shortcut first-keystroke="alt plus" />
  </action>
  <action id="Git.Fetch">
    <keyboard-shortcut first-keystroke="ctrl f" />
  </action>
  <action id="GitCheckoutAction">
    <keyboard-shortcut first-keystroke="shift ctrl #10000c5" />
  </action>
  <action id="GotoFile">
    <keyboard-shortcut first-keystroke="ctrl p" />
    <keyboard-shortcut first-keystroke="ctrl s" second-keystroke="ctrl f" />
  </action>
  <action id="HideActiveWindow">
    <keyboard-shortcut first-keystroke="ctrl j" />
    <keyboard-shortcut first-keystroke="shift escape" />
  </action>
  <action id="MoveTabDown">
    <keyboard-shortcut first-keystroke="ctrl s" second-keystroke="ctrl h" />
  </action>
  <action id="MoveTabRight">
    <keyboard-shortcut first-keystroke="shift ctrl s" second-keystroke="shift ctrl r" />
    <keyboard-shortcut first-keystroke="ctrl s" second-keystroke="ctrl v" />
  </action>
  <action id="NewElement">
    <keyboard-shortcut first-keystroke="alt insert" />
    <keyboard-shortcut first-keystroke="shift ctrl n" />
  </action>
  <action id="NextSplitter">
    <keyboard-shortcut first-keystroke="ctrl k" second-keystroke="ctrl right" />
    <keyboard-shortcut first-keystroke="ctrl alt l" />
  </action>
  <action id="PrevSplitter">
    <keyboard-shortcut first-keystroke="ctrl k" second-keystroke="ctrl left" />
    <keyboard-shortcut first-keystroke="ctrl alt h" />
  </action>
  <action id="RecentProjectListGroup" />
  <action id="RenameElement">
    <keyboard-shortcut first-keystroke="f2" />
    <keyboard-shortcut first-keystroke="ctrl r" second-keystroke="ctrl r" />
  </action>
  <action id="RiderCoveringTestsPopupRunAllTestsAction" />
  <action id="RiderCoveringTestsPopupRunSelectedTestsAction" />
  <action id="RiderUnitTestRunContextTwAction">
    <keyboard-shortcut first-keystroke="shift enter" />
  </action>
  <action id="SaveDocument" />
  <action id="SchemaCompare.SaveScmpFile" />
  <action id="SearchEverywhere">
    <keyboard-shortcut first-keystroke="f1" />
  </action>
  <action id="ShelvedChanges.Rename">
    <keyboard-shortcut first-keystroke="f2" />
    <keyboard-shortcut first-keystroke="ctrl r" second-keystroke="ctrl r" />
  </action>
  <action id="SplitChooser">
    <keyboard-shortcut first-keystroke="shift alt enter" />
    <keyboard-shortcut first-keystroke="shift ctrl s" second-keystroke="shift ctrl c" />
  </action>
  <action id="SplitChooser.Duplicate" />
  <action id="StretchSplitToBottom">
    <keyboard-shortcut first-keystroke="shift ctrl alt down" />
  </action>
  <action id="StretchSplitToLeft">
    <keyboard-shortcut first-keystroke="shift ctrl alt left" />
  </action>
  <action id="StretchSplitToRight">
    <keyboard-shortcut first-keystroke="shift ctrl alt right" />
  </action>
  <action id="StretchSplitToTop">
    <keyboard-shortcut first-keystroke="shift ctrl alt up" />
  </action>
  <action id="Terminal.SearchInCommandHistory" />
  <action id="Terminal.SmartCommandExecution.Run" />
  <action id="UsageFiltering.ReadAccess" />
  <action id="org.intellij.plugins.markdown.ui.actions.styling.ToggleStrikethroughAction" />
</keymap>